<?xml version="1.0" encoding="UTF-8" standalone="yes"?>
<addon id="plugin.video.gustavoegatotv"
       name="[B][COLOR white]GUSTAVOEGATOTV[/COLOR][B] "
       version="1.0.0"
       provider-name="GUSTAVOEGATOTV">
  <requires>
    <import addon="xbmc.python" version="2.1.0"/>
	<import addon="script.module.t0mm0.common" version="2.0.0"/>
    <import addon="script.module.beautifulsoup" version="3.2.1"/>
    <import addon="script.module.simple.downloader" version="0.9.4"/>
    <import addon="script.module.beautifulsoup4" />
    <import addon="script.module.simple.downloader" version="0.9.4"/>
    <import addon="script.module.requests" />
    <import addon="script.module.httplib2" />
    <import addon="script.module.youtube.dl" optional="true"/>
    <import addon="plugin.video.youtube" version="3.0.0"/>
    <import addon="script.module.urlresolver" optional="true"/>
    <import addon="script.module.simplejson" /> 
    <import addon="script.common.plugin.cache" version="2.5.2"/>
    <import addon="script.module.metahandler" version="2.5.1"/>

  </requires>
  <extension point="xbmc.python.pluginsource" library="default.py">
    <provides>video</provides>
  </extension>
 <extension point="xbmc.addon.repository" name="GUSTAVOEGATOTV Repo">
	<info compressed="false">http://raw.github.com/GUSTAVOEGATOTV/GUSTAVOEGATOTV-Repo/master/addons.xml</info>
	<checksum>http://raw.github.com/GUSTAVOEGATOTV/GUSTAVOEGATOTV-Repo/master/addons.xml.md5</checksum>
	<datadir zip="true">http://raw.github.com/GUSTAVOEGATOTV/GUSTAVOEGATOTV-Repo/master/zip/</datadir>
  </extension>
  
  <extension point="xbmc.addon.metadata">
    <summary lang="en">Tenha o melhor conteudo no seu Kodi.</summary>
    <description lang="en">Repositório para assistir os vídeos com a mais qualidade possível! [B][COLOR lime]●[/COLOR][/B]A Piaba Vai!</description>
     <disclaimer lang="en">A Piaba Vai!</disclaimer>
	 	<news>V1.0.0 - Criação de Addon.</news>
    <platform>all</platform>
	<assets>
       <icon>icon.png</icon>
       <fanart>fanart.jpg</fanart>
       <screenshot>resources/screenshots/1.jpg</screenshot>
       <screenshot>resources/screenshots/2.jpg</screenshot>
       <screenshot>resources/screenshots/3.jpg</screenshot>
    </assets>
  </extension>
</addon>
